{"cameraMode":{"drawMode":0,"name":"Shaded","section":"Shading Mode"},"sceneLighting":true,"audioPlay":false,"sceneViewState":{"showFog":true,"showMaterialUpdate":true,"showSkybox":true,"showFlares":true,"showImageEffects":true,"showParticleSystems":true},"in2DMode":false,"pivot":{"x":0.0040100812911987309,"y":0.3740658760070801,"z":-1.2823559045791627},"rotation":{"x":-0.15392448008060456,"y":-0.341843843460083,"z":0.05537000671029091,"w":-0.9254264235496521},"size":0.9059366583824158,"orthographic":false}