{"cameraMode":{"drawMode":0,"name":"Shaded","section":"Shading Mode"},"sceneLighting":true,"audioPlay":false,"sceneViewState":{"showFog":true,"showMaterialUpdate":true,"showSkybox":true,"showFlares":true,"showImageEffects":true,"showParticleSystems":true},"in2DMode":false,"pivot":{"x":-1.0935217142105103,"y":0.2444857805967331,"z":-0.13041284680366517},"rotation":{"x":0.2763989269733429,"y":-0.19530750811100007,"z":0.05835891515016556,"w":0.9394655227661133},"size":3.494562864303589,"orthographic":false}