{"cameraMode":{"drawMode":0,"name":"Shaded","section":"Shading Mode"},"sceneLighting":true,"audioPlay":false,"sceneViewState":{"showFog":true,"showMaterialUpdate":true,"showSkybox":true,"showFlares":true,"showImageEffects":true,"showParticleSystems":true},"in2DMode":false,"pivot":{"x":-0.8070693612098694,"y":-2.3157708644866945,"z":-5.22365140914917},"rotation":{"x":-0.22082597017288209,"y":0.7780806422233582,"z":-0.42442595958709719,"w":-0.4073219299316406},"size":1.782412052154541,"orthographic":false}