{"cameraMode":{"drawMode":0,"name":"Shaded","section":"Shading Mode"},"sceneLighting":true,"audioPlay":false,"sceneViewState":{"showFog":true,"showMaterialUpdate":true,"showSkybox":true,"showFlares":true,"showImageEffects":true,"showParticleSystems":true},"in2DMode":false,"pivot":{"x":-1.3909950256347657,"y":0.35982546210289,"z":-3.218174934387207},"rotation":{"x":-0.12908025085926057,"y":0.8651634454727173,"z":-0.2918895483016968,"w":-0.3870229721069336},"size":3.173149347305298,"orthographic":false}