{"cameraMode":{"drawMode":0,"name":"Shaded","section":"Shading Mode"},"sceneLighting":true,"audioPlay":false,"sceneViewState":{"showFog":true,"showMaterialUpdate":true,"showSkybox":true,"showFlares":true,"showImageEffects":true,"showParticleSystems":true},"in2DMode":false,"pivot":{"x":0.36296868324279787,"y":-1.3641057014465333,"z":-1.9502854347229005},"rotation":{"x":-0.06081220135092735,"y":0.9378589987754822,"z":-0.2351347804069519,"w":-0.24803480505943299},"size":5.2629475593566898,"orthographic":false}