{"cameraMode":{"drawMode":0,"name":"Shaded","section":"Shading Mode"},"sceneLighting":true,"audioPlay":false,"sceneViewState":{"showFog":true,"showMaterialUpdate":true,"showSkybox":true,"showFlares":true,"showImageEffects":true,"showParticleSystems":true},"in2DMode":false,"pivot":{"x":0.12465667724609375,"y":-0.9959731101989746,"z":-5.5786356925964359},"rotation":{"x":-0.29982608556747439,"y":0.6121587753295898,"z":-0.2714363932609558,"w":-0.6796592473983765},"size":1.4600077867507935,"orthographic":false}