{"cameraMode":{"drawMode":0,"name":"Shaded","section":"Shading Mode"},"sceneLighting":true,"audioPlay":false,"sceneViewState":{"showFog":true,"showMaterialUpdate":true,"showSkybox":true,"showFlares":true,"showImageEffects":true,"showParticleSystems":true},"in2DMode":false,"pivot":{"x":-2.474900722503662,"y":-0.18176698684692384,"z":-4.181851863861084},"rotation":{"x":-0.30752894282341006,"y":0.5969570279121399,"z":-0.26688283681869509,"w":-0.6914466619491577},"size":4.9562458992004398,"orthographic":false}