{"cameraMode":{"drawMode":0,"name":"Shaded","section":"Shading Mode"},"sceneLighting":true,"audioPlay":false,"sceneViewState":{"showFog":true,"showMaterialUpdate":true,"showSkybox":true,"showFlares":true,"showImageEffects":true,"showParticleSystems":true},"in2DMode":false,"pivot":{"x":-0.2347223162651062,"y":-1.3698384761810303,"z":-1.6494615077972413},"rotation":{"x":-0.10741423815488816,"y":0.8913205862045288,"z":-0.312549889087677,"w":-0.31046944856643679},"size":2.150188684463501,"orthographic":false}