{"cameraMode":{"drawMode":0,"name":"Shaded","section":"Shading Mode"},"sceneLighting":true,"audioPlay":false,"sceneViewState":{"showFog":true,"showMaterialUpdate":true,"showSkybox":true,"showFlares":true,"showImageEffects":true,"showParticleSystems":true},"in2DMode":false,"pivot":{"x":-1.0935217142105103,"y":0.2444857805967331,"z":-0.13041284680366517},"rotation":{"x":0.16999323666095735,"y":-0.20202413201332093,"z":0.037049178034067157,"w":0.9641425609588623},"size":4.604350566864014,"orthographic":false}