{"cameraMode":{"drawMode":0,"name":"Shaded","section":"Shading Mode"},"sceneLighting":true,"audioPlay":false,"sceneViewState":{"showFog":true,"showMaterialUpdate":true,"showSkybox":true,"showFlares":true,"showImageEffects":true,"showParticleSystems":true},"in2DMode":false,"pivot":{"x":-0.29334795475006106,"y":-2.625288486480713,"z":-5.0781049728393559},"rotation":{"x":-0.20141498744487763,"y":0.7943122386932373,"z":-0.4440910518169403,"w":-0.3626384437084198},"size":2.2971785068511965,"orthographic":false}