{"cameraMode":{"drawMode":0,"name":"Shaded","section":"Shading Mode"},"sceneLighting":true,"audioPlay":false,"sceneViewState":{"showFog":true,"showMaterialUpdate":true,"showSkybox":true,"showFlares":true,"showImageEffects":true,"showParticleSystems":true},"in2DMode":false,"pivot":{"x":-0.029999999329447748,"y":0.38999998569488528,"z":-1.2999999523162842},"rotation":{"x":0.1943139284849167,"y":-0.12275806069374085,"z":0.025937814265489579,"w":0.9728822112083435},"size":2.482954978942871,"orthographic":false}